pad_width,fQ,EC_MHz,EJ,alpha_MHz
250um,6.628852502207465,466.9482676402248,13.616300010297985,-569.972844875857
300um,6.227182474713204,407.6375936993971,13.616300010297985,-488.4734998045447
350um,5.888697175134088,361.3118434403951,13.616300010297985,-426.785358401639
400um,5.605156917092114,324.9912807502012,13.616300010297985,-379.5580522317487
455um,5.33491519935218,292.42300126268043,13.616300010297985,-338.02808272294493
500um,5.136927017522644,269.8020556346056,13.616300010297985,-309.6275713307914
550um,4.936532144998972,247.952308539829,13.616300010297985,-282.53693891424035
